Overlap,Symbol,Entrez ID,Chromosome,ATF4 Peak Start,ATF4 Peak End,ATF4 dTSS,CHOP Peak Start,CHOP Peak End,CHOP dTSS
Common,Atf3,11910,chr1,193007013,193007621,0,193007076,193007302,0
Common,Bcat2,12036,chr7,52823084,52824389,-1343,52823964,52824180,-1552
Common,Bdnf,12064,chr2,109517649,109518731,461,109518356,109518546,1168
Common,Cebpg,12611,chr7,35840693,35841890,0,35841166,35841291,294
Common,Clcn3,12725,chr8,63432873,63433768,0,63433450,63433787,0
Common,Cxadr,13052,chr16,78302865,78303505,930,78302880,78303324,945
Common,Ddit3,13198,chr10,126726068,126728031,0,126727399,126727652,-213
Common,Eif4g2,13690,chr7,118223550,118223898,2646,118223565,118223790,2754
Common,B4galnt2,14422,chr11,95775233,95775864,321,95775402,95775799,386
Common,Gng5,14707,chr3,146163093,146163903,294,146163411,146163693,612
Common,Hspa5,14828,chr2,34625387,34626202,-1409,34625628,34625989,-1622
Common,Has2,15117,chr15,56523685,56524188,1865,56523811,56524106,1947
Common,Hfe,15216,chr13,23805017,23806119,-2337,23805488,23805815,-2808
Common,Cd74,16149,chr18,60962333,60962924,-578,60962552,60962894,-608
Common,Incenp,16319,chr19,9974031,9974731,-66,9974078,9974329,-113
Common,Itgb5,16419,chr16,33829178,33829857,0,33829262,33829602,-242
Common,Itgb7,16421,chr15,102062920,102063665,-603,102063297,102063559,-980
Common,Itih1,16424,chr14,31756891,31758223,-416,31757534,31757765,-1059
Common,Kif13b,16554,chr14,65384736,65385634,897,65384779,65385179,940
Common,Kifc1,16580,chr17,34027355,34028042,0,34027715,34027839,-154
Common,Arhgef2,16800,chr3,88419846,88420438,0,88419944,88420241,0
Common,Lcn2,16819,chr2,32243004,32243968,0,32243321,32243587,-62
Common,Lgals3,16854,chr14,47993708,47994680,60,47994099,47994341,451
Common,Amacr,17117,chr15,10910982,10911632,0,10911055,10911292,-218
Common,Aff1,17355,chr5,104181560,104182983,-197,104182335,104182583,-597
Common,Mthfd2,17768,chr6,83266552,83267665,0,83267052,83267238,360
Common,Mtm1,17772,chrX,68470039,68470583,1783,68470174,68470450,1918
Common,Ppp1r15a,17872,chr7,52781154,52782064,0,52781469,52781921,0
Common,Nfe2l1,18023,chr11,96683217,96684899,428,96683829,96684373,954
Common,Nme2,18103,chr11,93818565,93819168,-1244,93818614,93818754,-1293
Common,Ddr2,18214,chr1,172039839,172041441,0,172040800,172041055,0
Common,Sqstm1,18412,chr11,50024773,50025816,-481,50025426,50025791,-1134
Common,Pax8,18510,chr2,24333354,24333907,-2268,24333473,24333773,-2387
Common,Per2,18627,chr1,93352489,93353577,2328,93353122,93353380,2525
Common,Pik3c2g,18705,chr6,139545003,139545337,-2663,139545101,139545399,-2601
Common,Prkg2,19092,chr5,99372578,99373478,0,99372939,99373233,-117
Common,Ptbp1,19205,chr10,79316507,79317311,-38,79316938,79317170,-179
Common,Ptn,19242,chr6,36663026,36663781,1753,36663364,36663677,1857
Common,Pvrl2,19294,chr7,20331707,20332633,2185,20332077,20332317,2501
Common,Reln,19699,chr5,21415540,21415934,939,21415611,21415861,1012
Common,Dpf2,19708,chr19,5911793,5912031,774,5911759,5911998,807
Common,Rpl7,19989,chr1,16094361,16095350,0,16094653,16094884,-165
Common,Sars,20226,chr3,108246758,108247432,655,108246971,108247344,743
Common,Slc20a1,20515,chr2,129022951,129023822,-713,129023599,129023747,-788
Common,Slc7a5,20539,chr8,124421616,124422909,-1151,124422096,124422303,-1631
Common,Snai2,20583,chr16,14703804,14704620,-1331,14703946,14704135,-1816
Common,Stc2,20856,chr11,31268999,31270176,0,31270803,31270999,-742
Common,Tagln2,21346,chr1,174432599,174433429,2223,174432940,174433185,2564
Common,Tgif1,21815,chr17,71200963,71201526,0,71201054,71201279,0
Common,Tnks,21951,chr8,35890900,35891692,1105,35891239,35891577,1220
Common,Rpl13a,22121,chr7,52384331,52385196,-226,52384859,52385196,-754
Common,Ube2l3,22195,chr16,17199227,17200077,1508,17199740,17200017,1568
Common,Ube2g2,22213,chr10,77085928,77086874,863,77086428,77086726,1363
Common,Uqcrq,22272,chr11,53243600,53244724,0,53243688,53244095,221
Common,Vars,22321,chr17,35138572,35139759,492,35138822,35139124,742
Common,Vldlr,22359,chr19,27290788,27292143,0,27291138,27291446,-475
Common,Wars,22375,chr12,110131500,110132185,-93,110131594,110131882,-187
Common,Ywhag,22628,chr5,136410500,136411615,-106,136411020,136411508,-626
Common,Ets1,23871,chr9,32501611,32502222,-1404,32501713,32501999,-1627
Common,Pacsin2,23970,chr15,83263039,83263566,0,83263175,83263338,0
Common,Ptpn21,24000,chr12,99973150,99973663,-346,99973111,99973347,-307
Common,Slc7a11,26570,chr3,50246661,50248418,0,50247468,50247716,0
Common,Deb1,26901,chr9,121619182,121619625,0,121619222,121619442,-64
Common,Dysf,26903,chr6,83971208,83971465,1826,83971185,83971472,1803
Common,Zfp238,30928,chr1,179373322,179374175,-616,179373550,179374228,-563
Common,Ero1l,50527,chr14,45940129,45941333,-1927,45940696,45941229,-2494
Common,D4Bwg0951e,52829,chr4,80554574,80555188,-1401,80554855,80555094,-1495
Common,Pnrc2,52830,chr4,135429614,135430260,0,135429761,135430059,-19
Common,Gnpnat1,54342,chr14,46005276,46005680,2791,46005304,46005615,2856
Common,Gtpbp2,56055,chr17,46299316,46300654,1297,46299722,46300173,1703
Common,Htra1,56213,chr7,138089848,138090246,2846,138089893,138090169,2891
Common,Tspan5,56224,chr3,138402379,138402803,-2355,138402491,138402689,-2469
Common,Eif3c,56347,chr7,133709166,133710246,0,133709294,133709544,336
Common,Aldh18a1,56454,chr19,40662334,40663230,0,40662815,40663119,0
Common,Cnpy2,56530,chr10,127759190,127759553,0,127759252,127759554,0
Common,Ylpm1,56531,chr12,86339311,86339675,2041,86339291,86339573,2021
Common,Ick,56542,chr9,77960566,77961131,-84,77960641,77960885,-330
Common,Nfu1,56748,chr6,86959795,86960511,0,86960180,86960430,283
Common,Sertad2,58172,chr11,20531209,20531629,-350,20531295,20531534,-445
Common,Trem3,58218,chr17,48388289,48388630,1346,48388280,48388530,1337
Common,Nrip2,60345,chr6,128349787,128350182,4,128349819,128350079,36
Common,Fads3,60527,chr19,10117984,10118667,1947,10118135,10118505,2098
Common,Fam129a,63913,chr1,153419033,153419599,370,153419169,153419448,506
Common,B230120H23Rik,65964,chr2,72134859,72136234,-10,72135397,72135820,-424
Common,Krtcap2,66059,chr3,89049917,89051463,0,89050816,89051091,457
Common,Ghitm,66092,chr14,37947466,37948255,70,37947742,37948044,281
Common,Nosip,66394,chr7,52335011,52335728,2242,52335271,52335502,2502
Common,2610528E23Rik,66497,chr16,57606865,57607528,0,57607101,57607412,-145
Common,Ube2w,66799,chr1,16607870,16608646,721,16608195,16608492,875
Common,Wwp2,66894,chr8,110069329,110070298,364,110069537,110069778,572
Common,Edem3,66967,chr1,153601289,153601992,-511,153601211,153601649,-854
Common,Lsm14a,67070,chr7,35175667,35176702,-1108,35175797,35176095,-1238
Common,Naaa,67111,chr5,92691730,92692400,0,92691731,92691998,0
Common,Pfdn1,67199,chr18,36616822,36617637,-2673,36617139,36617580,-2990
Common,Eif2s2,67204,chr2,154718066,154719031,0,154718538,154718647,0
Common,Dusp6,67603,chr10,98725456,98726198,0,98725515,98725714,-150
Common,Fibin,67606,chr2,110202906,110203648,0,110203276,110203539,-126
Common,Ift172,67661,chr5,31592575,31594124,0,31593027,31593355,132
Common,Mrpl24,67707,chr3,87723011,87723626,0,87723313,87723604,0
Common,Slc25a39,68066,chr11,102268758,102270086,0,102269167,102269573,-30
Common,Otub2,68149,chr12,104627231,104628021,317,104627572,104627767,658
Common,Leprotl1,68192,chr8,35207846,35209188,605,35208269,35208624,1169
Common,Fam96a,68250,chr9,65973915,65975240,0,65974200,65974516,0
Common,Lmbrd1,68421,chr1,24685006,24685469,0,24685066,24685380,-2
Common,Tab2,68652,chr10,7673272,7674180,1741,7673664,7674009,1912
Common,Flnc,68794,chr6,29379802,29380963,-2189,29380563,29380917,-2235
Common,1810031K17Rik,69171,chr1,75136169,75137069,1092,75136434,75136739,1422
Common,Degs2,70059,chr12,109942472,109943173,-1975,109942542,109942821,-2045
Common,Nars,70223,chr18,64675474,64676441,0,64676109,64676318,0
Common,Hdac8,70315,chrX,99700376,99701044,0,99700685,99700934,-198
Common,Steap1,70358,chr5,5747869,5748687,622,5748173,5748514,795
Common,2810408A11Rik,70419,chr11,69714364,69715378,0,69714418,69714703,0
Common,Taf15,70439,chr11,83285216,83286721,0,83285736,83286115,-494
Common,Btf3l4,70533,chr4,108506209,108507420,0,108506594,108506806,47
Common,Fam175a,70681,chr5,101249785,101250753,0,101250443,101250725,-489
Common,Angptl6,70726,chr9,20681960,20683044,1110,20682269,20682540,1614
Common,Slc41a3,71699,chr6,90553837,90554566,-307,90553897,90554141,-732
Common,Coasy,71743,chr11,100944821,100945097,883,100944824,100945101,886
Common,Cyb5r1,72017,chr1,136302486,136303741,0,136302969,136303395,365
Common,Tpx2,72119,chr2,152672808,152673911,0,152673219,152673516,-231
Common,Kbtbd5,72330,chr9,121684662,121685410,-1455,121684809,121684965,-1900
Common,Tspyl4,72480,chr10,34017740,34018434,514,34017896,34018144,670
Common,2810006K23Rik,72650,chr5,124776812,124777831,-266,124776977,124777175,-922
Common,Golim4,73124,chr3,75757900,75758472,2281,75758174,75758389,2364
Common,Xpot,73192,chr10,121062490,121063915,0,121062917,121063138,234
Common,Rd3,74023,chr1,193797835,193799610,-1659,193798407,193798737,-2532
Common,Lonp1,74142,chr17,56764533,56765397,901,56765028,56765492,806
Common,1300001I01Rik,74148,chr11,74461299,74462599,-397,74461463,74461777,-1219
Common,Stk40,74178,chr4,125779462,125780746,-495,125780412,125780693,-548
Common,1700016K19Rik,74230,chr11,75814434,75815404,960,75814772,75815047,1298
Common,4931414P19Rik,74359,chr14,55221501,55222258,2487,55221874,55222109,2636
Common,Samd4,74480,chr14,47618849,47619759,-1255,47619158,47619368,-1646
Common,Ascc2,75452,chr11,4537700,4538653,0,4538450,4538699,655
Common,Zc3h18,76014,chr8,124900051,124900654,0,124900238,124900442,-73
Common,Snrnp35,76167,chr5,124933605,124934017,442,124933681,124933824,518
Common,Tbc1d9b,76795,chr11,49969079,49969738,499,49969362,49969549,782
Common,Zc3hav1,78781,chr6,38301865,38302962,1600,38302055,38302350,2212
Common,Rnf114,81018,chr2,167316471,167317355,-789,167316667,167316912,-1232
Common,Il23a,83430,chr10,127735657,127736228,-517,127735863,127736134,-723
Common,Dnaja3,83945,chr16,4683182,4684357,0,4683554,4683862,-260
Common,Rbm9,93686,chr15,76981558,76982018,2062,76981718,76981883,2197
Common,Ugt1a6a,94284,chr1,90030804,90032217,0,90031141,90031313,-70
Common,Hist2h4,97122,chr3,96066900,96068197,0,96067274,96067430,-18
Common,Usp6nl,98910,chr2,6273527,6274176,0,6273676,6273929,0
Common,Akna,100182,chr4,63069822,63070884,864,63070355,63070622,1126
Common,Emilin1,100952,chr5,31212777,31213762,-2396,31213053,31213357,-2801
Common,6330503K22Rik,101565,chr7,125855825,125856111,-13,125855886,125856100,-24
Common,Iars,105148,chr13,49777241,49778259,0,49777280,49777643,0
Common,Mycbp2,105689,chr14,103748592,103749083,-2575,103748670,103748919,-2653
Common,Lars,107045,chr18,42420770,42422103,0,42421594,42421918,0
Common,Macrod1,107227,chr19,7129264,7129737,-1562,7129424,7129681,-1618
Common,Yars,107271,chr4,128866990,128868309,0,128867024,128867259,0
Common,Atf5,107503,chr7,52074057,52075128,-2115,52074173,52074735,-2231
Common,Eprs,107508,chr1,187187292,187188499,319,187187684,187188173,711
Common,Ankrd1,107765,chr19,36193279,36194057,277,36193475,36193719,615
Common,Slco1a5,108096,chr6,142227907,142228441,-537,142227963,142228199,-593
Common,Gpt2,108682,chr8,88015799,88016765,0,88043579,88043731,274
Common,Rcc2,108911,chr4,140255221,140255938,-1487,140255527,140255820,-1605
Common,Ppp1r15b,108954,chr1,135027225,135028072,0,135027662,135027814,-106
Common,Dut,110074,chr2,125071153,125072114,-869,125071442,125071719,-1264
Common,Srsf1,110809,chr11,87860355,87860906,-266,87860568,87860771,-401
Common,Acaa1a,113868,chr9,119249984,119250364,-47,119250075,119250304,-107
Common,Prdm15,114604,chr16,98070308,98070996,2394,98070548,98070854,2536
Common,Slc19a2,116914,chr1,166178203,166179060,-125,166178521,166178830,-355
Common,Pop5,117109,chr5,115685909,115686719,50,115685927,115686331,68
Common,Rbm39,170791,chr2,156005827,156006376,0,156005950,156006189,0
Common,Acot2,171210,chr12,85327732,85328959,0,85328265,85328677,-162
Common,Zbtb7c,207259,chr18,76221587,76222434,2476,76221903,76222217,2792
Common,2700007P21Rik,212772,chr2,106814213,106814944,0,106814544,106814835,0
Common,Zfp598,213753,chr17,24809059,24809585,2363,24809307,24809429,2611
Common,Fam83f,213956,chr15,80504100,80504548,1824,80504263,80504423,1987
Common,A630007B06Rik,213993,chr19,56887634,56889033,0,56887839,56888207,0
Common,Aldh1l2,216188,chr10,82995502,82996899,0,82995871,82996316,491
Common,Zfc3h1,216345,chr10,114824950,114825640,2936,114825012,114825317,2998
Common,Mars,216443,chr10,126748058,126748996,0,126748568,126748965,0
Common,Tmem11,216821,chr11,60690953,60691531,1003,60691178,60691465,1069
Common,Kdm6b,216850,chr11,69227336,69229087,-161,69227911,69228227,-736
Common,Eif5,217869,chr12,112773979,112774403,-1908,112774057,112774219,-2092
Common,Lhfpl2,218454,chr13,94828034,94829226,284,94828616,94828965,866
Common,Mar-06,223455,chr15,31460838,31461648,-46,31461210,31461590,-418
Common,Soat2,223920,chr15,101980790,101981816,0,101981231,101981544,226
Common,Cyp2ab1,224044,chr16,20324069,20324360,1117,20324112,20324311,1166
Common,Ubr2,224826,chr17,47147369,47148250,0,47147966,47148155,-524
Common,Erlin1,226144,chr19,44142056,44143007,1009,44142245,44142459,1557
Common,Atf6,226641,chr1,172798563,172799126,-661,172798700,172798998,-798
Common,Camsap1,227634,chr2,25799422,25799991,132,25799451,25799728,395
Common,Phyhd1,227696,chr2,30120540,30122486,0,30121145,30121532,-536
Common,Trib3,228775,chr2,152169485,152170594,0,152169640,152169906,0
Common,Rsbn1,229675,chr3,103718672,103719568,630,103719010,103719310,968
Common,Paqr3,231474,chr5,97537097,97538079,2536,97537409,97537720,2895
Common,Lrrk1,233328,chr7,73534034,73534471,-807,73534086,73534300,-859
Common,Cnot1,234594,chr8,98271925,98272509,-2972,98271866,98272347,-2913
Common,Slc38a7,234595,chr8,98376040,98377634,0,98376258,98376567,824
Common,Aars,234734,chr8,113557092,113558178,0,113557413,113557848,-18
Common,Snx33,235406,chr9,56775827,56776647,0,56776168,56776397,0
Common,Tbpl1,237336,chr10,22447736,22448540,2644,22448148,22448497,2687
Common,Cdh24,239096,chr14,55261809,55262605,-1654,55261978,55262180,-1823
Common,Dleu7,239133,chr14,62909927,62910378,1420,62909995,62910123,1675
Common,Abcc4,239273,chr14,119102341,119103152,2275,119102583,119103047,2380
Common,A630033E08Rik,240041,chr17,23003276,23004867,0,23004140,23004488,-49
Common,Slc1a7,242607,chr4,107643515,107644722,2577,107643896,107644130,2958
Common,Gpatch3,242691,chr4,133129988,133130791,0,133130191,133130482,-177
Common,Zbtb38,245007,chr9,96632274,96633058,-113,96632676,96632949,-515
Common,Pkmyt1,268930,chr17,23863604,23864287,302,23863829,23864132,527
Common,Optc,269120,chr1,135805229,135806184,-653,135805527,135805806,-951
Common,Tmtc2,278279,chr10,105012001,105012605,-466,105012213,105012546,-678
Common,Gm867,333670,chr10,75400598,75401315,2102,75400885,75401123,2294
Common,Jhdm1d,338523,chr6,39154515,39155581,1029,39155036,39155354,1256
Common,Agap1,347722,chr1,91521904,91522237,-2090,91521931,91522193,-2134
Common,Gars,353172,chr6,54987439,54989495,0,54988791,54989103,797
Common,Ypel5,383295,chr17,73186964,73188003,43,73187283,73187528,362
Common,Cdsn,386463,chr17,35688775,35689358,0,35688857,35689094,0
Common,Flrt1,396184,chr19,7182549,7183106,-2386,7182615,7182979,-2452
Common,Tmem189,407243,chr2,167515265,167516277,0,167515544,167515795,-222
Common,Ndufa4l2,407790,chr10,126948711,126950404,-1590,126949126,126949326,-2668
Common,Fam159a,545667,chr4,108052736,108053178,2776,108052879,108053213,2741
Common,Gpx4,625249,chr10,79516782,79517621,1,79516881,79517104,100
Common,Defb43,654458,chr14,63631727,63632304,1120,63631964,63632160,1357
CHOP_Only,Abl1,11350,chr2,NA,NA,NA,31613117,31613408,-2095
CHOP_Only,Akr1b7,11997,chr6,NA,NA,NA,34362720,34362927,331
CHOP_Only,Car6,12353,chr4,NA,NA,NA,149572490,149572772,0
CHOP_Only,Cav1,12389,chr6,NA,NA,NA,17255671,17255852,-517
CHOP_Only,Entpd5,12499,chr12,NA,NA,NA,85749156,85749235,744
CHOP_Only,Csrp1,13007,chr1,NA,NA,NA,137628537,137628689,2764
CHOP_Only,Emp2,13731,chr16,NA,NA,NA,10312861,10313186,875
CHOP_Only,Eps8,13860,chr6,NA,NA,NA,137468836,137468995,-423
CHOP_Only,Erh,13877,chr12,NA,NA,NA,81743045,81743207,1570
CHOP_Only,Gpc4,14735,chrX,NA,NA,NA,49515455,49515638,2791
CHOP_Only,Hist2h3c1,15077,chr3,NA,NA,NA,96072384,96072613,-3
CHOP_Only,Id1,15901,chr2,NA,NA,NA,152563596,152563814,1587
CHOP_Only,Insr,16337,chr8,NA,NA,NA,3260211,3260482,-1264
CHOP_Only,Itih2,16425,chr2,NA,NA,NA,10053009,10053286,-719
CHOP_Only,Jak2,16452,chr19,NA,NA,NA,29327388,29327653,1071
CHOP_Only,Mycl1,16918,chr4,NA,NA,NA,122675857,122676015,2516
CHOP_Only,Tm4sf1,17112,chr3,NA,NA,NA,57108510,57108690,-2669
CHOP_Only,Mbd2,17191,chr18,NA,NA,NA,70728848,70729037,1007
CHOP_Only,Mbd4,17193,chr6,NA,NA,NA,115806424,115806570,-2685
CHOP_Only,Mcm2,17216,chr6,NA,NA,NA,88848125,88848237,454
CHOP_Only,Mds1,17251,chr3,NA,NA,NA,30406440,30406696,1713
CHOP_Only,Me1,17436,chr9,NA,NA,NA,86583441,86583789,-2235
CHOP_Only,Msmb,17695,chr14,NA,NA,NA,32953341,32953594,-1646
CHOP_Only,Mt2,17750,chr8,NA,NA,NA,96695484,96695668,-849
CHOP_Only,Mttp,17777,chr3,NA,NA,NA,137793534,137793771,517
CHOP_Only,Ngf,18049,chr3,NA,NA,NA,102275215,102275466,1365
CHOP_Only,Nr4a2,18227,chr2,NA,NA,NA,56974534,56974775,1638
CHOP_Only,Pafah1b2,18475,chr9,NA,NA,NA,45792090,45792232,686
CHOP_Only,Psmc2,19181,chr5,NA,NA,NA,21293868,21294043,2768
CHOP_Only,Ptpn2,19255,chr18,NA,NA,NA,67883197,67883511,720
CHOP_Only,C80913,19777,chr7,NA,NA,NA,38803474,38803761,800
CHOP_Only,Snrk,20623,chr9,NA,NA,NA,122037872,122038045,-2965
CHOP_Only,Star,20845,chr8,NA,NA,NA,26916589,26916859,-2125
CHOP_Only,Trim24,21848,chr6,NA,NA,NA,37820144,37820357,-453
CHOP_Only,Trhr,22045,chr15,NA,NA,NA,44025217,44025417,-2263
CHOP_Only,Ywhaz,22631,chr15,NA,NA,NA,36721970,36722110,1889
CHOP_Only,Nt5e,23959,chr9,NA,NA,NA,88220628,88221023,-1454
CHOP_Only,Pibf1,52023,chr14,NA,NA,NA,99497778,99498120,-531
CHOP_Only,Sdcbp,53378,chr4,NA,NA,NA,6292366,6292541,-285
CHOP_Only,Tacc2,57752,chr7,NA,NA,NA,137717998,137718307,-2690
CHOP_Only,Arl6ip5,65106,chr6,NA,NA,NA,97160187,97160519,-266
CHOP_Only,Llph,66225,chr10,NA,NA,NA,119664773,119665025,658
CHOP_Only,Zfp869,66869,chr8,NA,NA,NA,72237286,72237501,2884
CHOP_Only,Wls,68151,chr3,NA,NA,NA,159504388,159504600,1730
CHOP_Only,Fam135a,68187,chr1,NA,NA,NA,24105728,24105933,1239
CHOP_Only,Rpa3,68240,chr6,NA,NA,NA,8209006,8209261,0
CHOP_Only,4930547C10Rik,68274,chr4,NA,NA,NA,52619770,52620009,-68
CHOP_Only,Ms4a6d,68774,chr19,NA,NA,NA,11678338,11678525,769
CHOP_Only,Krtap3-1,69473,chr11,NA,NA,NA,99426848,99427068,876
CHOP_Only,2510012J08Rik,70312,chr10,NA,NA,NA,80784320,80784602,379
CHOP_Only,Wars2,70560,chr3,NA,NA,NA,98946115,98946246,1103
CHOP_Only,Pwwp2a,70802,chr11,NA,NA,NA,43497137,43497334,1630
CHOP_Only,9130011E15Rik,71617,chr19,NA,NA,NA,46070605,46070933,2045
CHOP_Only,Ccdc19,71870,chr1,NA,NA,NA,174449749,174449986,-1283
CHOP_Only,Dus4l,71916,chr12,NA,NA,NA,32339111,32339305,386
CHOP_Only,Actr3,74117,chr1,NA,NA,NA,127331137,127331389,678
CHOP_Only,Ttc27,74196,chr17,NA,NA,NA,75116601,75116778,-311
CHOP_Only,Gzf1,74533,chr2,NA,NA,NA,148506632,148506926,0
CHOP_Only,4930486G11Rik,75033,chr9,NA,NA,NA,81759683,81759936,2333
CHOP_Only,Ndfip2,76273,chr14,NA,NA,NA,105657089,105657269,-751
CHOP_Only,1700081L11Rik,76719,chr11,NA,NA,NA,104301141,104301363,2242
CHOP_Only,Lass2,76893,chr3,NA,NA,NA,95121320,95121606,2147
CHOP_Only,Recql4,79456,chr15,NA,NA,NA,76540453,76540665,241
CHOP_Only,Dach2,93837,chrX,NA,NA,NA,110838355,110838523,502
CHOP_Only,Klra18,93970,chr6,NA,NA,NA,130015383,130015556,1720
CHOP_Only,Nol12,97961,chr15,NA,NA,NA,78765256,78765506,0
CHOP_Only,Wdr92,103784,chr11,NA,NA,NA,17111811,17112045,0
CHOP_Only,Kazald1,107250,chr19,NA,NA,NA,45148528,45148931,-799
CHOP_Only,Camk2d,108058,chr3,NA,NA,NA,126302824,126302985,2872
CHOP_Only,Fam64a,109212,chr11,NA,NA,NA,71853508,71853783,-2220
CHOP_Only,Lims1,110829,chr10,NA,NA,NA,57863068,57863169,1300
CHOP_Only,Palmd,114301,chr3,NA,NA,NA,116669883,116670040,1830
CHOP_Only,Ehbp1l1,114601,chr19,NA,NA,NA,5723321,5723615,2702
CHOP_Only,Il17rd,171463,chr14,NA,NA,NA,27883445,27883580,2863
CHOP_Only,Zfp184,193452,chr13,NA,NA,NA,22036401,22036636,-326
CHOP_Only,Osgin2,209212,chr4,NA,NA,NA,15940387,15940548,476
CHOP_Only,Vmn1r183,209824,chr7,NA,NA,NA,24837829,24838017,-1775
CHOP_Only,Tmem60,212090,chr5,NA,NA,NA,20390106,20390344,1836
CHOP_Only,D4Ertd22e,213491,chr4,NA,NA,NA,140698585,140698836,-2874
CHOP_Only,Arhgef11,213498,chr3,NA,NA,NA,87425459,87425768,2787
CHOP_Only,Sipa1l1,217692,chr12,NA,NA,NA,83271914,83272146,749
CHOP_Only,Chdh,218865,chr14,NA,NA,NA,30837668,30837886,1850
CHOP_Only,Reep2,225362,chr18,NA,NA,NA,34998774,34999038,-1273
CHOP_Only,Ralgapb,228850,chr2,NA,NA,NA,158235332,158235485,-103
CHOP_Only,Hnrnpa3,229279,chr2,NA,NA,NA,75497967,75498175,652
CHOP_Only,Uba6,231380,chr5,NA,NA,NA,86604054,86604404,-2286
CHOP_Only,Agpat9,231510,chr5,NA,NA,NA,101275371,101275504,0
CHOP_Only,Foxred1,235169,chr9,NA,NA,NA,35016945,35017326,1184
CHOP_Only,Ostn,239790,chr16,NA,NA,NA,27307615,27307791,0
CHOP_Only,Dusp5,240672,chr19,NA,NA,NA,53605985,53606340,2178
CHOP_Only,Tnfsf18,240873,chr1,NA,NA,NA,163421782,163422050,-2735
CHOP_Only,Rpusd2,271842,chr2,NA,NA,NA,118857978,118858247,-2278
CHOP_Only,Nrcam,319504,chr12,NA,NA,NA,45554868,45555066,-2545
CHOP_Only,Islr2,320563,chr9,NA,NA,NA,58052103,58052281,-2158
CHOP_Only,Bend6,320705,chr1,NA,NA,NA,33940274,33940489,198
CHOP_Only,Morc3,338467,chr16,NA,NA,NA,93832105,93832348,-188
CHOP_Only,Dgkh,380921,chr14,NA,NA,NA,79127346,79127534,-2450
CHOP_Only,Parl,381038,chr16,NA,NA,NA,20301796,20302041,394
CHOP_Only,9630014M24Rik,381155,chr18,NA,NA,NA,38764094,38764348,2907
CHOP_Only,Defb45,433490,chr2,NA,NA,NA,152424341,152424595,-2120
CHOP_Only,Znhit3,448850,chr11,NA,NA,NA,84730584,84730811,-726
CHOP_Only,Kncn,654462,chr4,NA,NA,NA,115554924,115555166,-1838
CHOP_Only,Vmn1r223,100036518,chr13,NA,NA,NA,23343189,23343410,2083
ATF4_Only,Akap2,11641,chr4,57751920,57752495,-2471,NA,NA,NA
ATF4_Only,Apbb2,11787,chr5,67011194,67012044,-1284,NA,NA,NA
ATF4_Only,Apobec1,11810,chr6,122552289,122552803,0,NA,NA,NA
ATF4_Only,Slc7a1,11987,chr5,149210718,149211859,0,NA,NA,NA
ATF4_Only,Bcat1,12035,chr6,145024094,145024957,0,NA,NA,NA
ATF4_Only,Casp4,12363,chr9,5308534,5308966,0,NA,NA,NA
ATF4_Only,Cast,12380,chr13,74944325,74944836,533,NA,NA,NA
ATF4_Only,Runx3,12399,chr4,134674859,134675129,-1430,NA,NA,NA
ATF4_Only,Col18a1,12822,chr10,76579094,76580201,-2644,NA,NA,NA
ATF4_Only,Cp,12870,chr3,19856804,19857540,0,NA,NA,NA
ATF4_Only,Bcar1,12927,chr8,114256495,114257013,-485,NA,NA,NA
ATF4_Only,Dpysl2,12934,chr14,67486799,67487241,196,NA,NA,NA
ATF4_Only,Cr1l,12946,chr1,196955789,196956507,960,NA,NA,NA
ATF4_Only,Ddc,13195,chr11,11720286,11721148,1776,NA,NA,NA
ATF4_Only,Eif4ebp1,13685,chr8,28371137,28372239,339,NA,NA,NA
ATF4_Only,F3,14066,chr3,121427473,121427826,1019,NA,NA,NA
ATF4_Only,Fcer1g,14127,chr1,173162961,173164042,438,NA,NA,NA
ATF4_Only,Tsc22d3,14605,chrX,137079278,137080132,-1554,NA,NA,NA
ATF4_Only,Slc6a9,14664,chr4,117507567,117508452,0,NA,NA,NA
ATF4_Only,Got1,14718,chr19,43598425,43599594,0,NA,NA,NA
ATF4_Only,Gpam,14732,chr19,55177450,55178527,0,NA,NA,NA
ATF4_Only,Grb10,14783,chr11,11936316,11936792,566,NA,NA,NA
ATF4_Only,Gsto1,14873,chr19,47929736,47930554,258,NA,NA,NA
ATF4_Only,H2-Q7,15018,chr17,35571811,35573630,-2530,NA,NA,NA
ATF4_Only,Hmox1,15368,chr8,77617324,77617703,0,NA,NA,NA
ATF4_Only,Ier2,15936,chr8,87185491,87185905,842,NA,NA,NA
ATF4_Only,Il1r1,16177,chr1,40281636,40282298,0,NA,NA,NA
ATF4_Only,Il2,16183,chr3,37027153,37027686,-2278,NA,NA,NA
ATF4_Only,Inpp5b,16330,chr4,124418979,124419663,0,NA,NA,NA
ATF4_Only,Mdfic,16543,chr6,15670066,15670830,0,NA,NA,NA
ATF4_Only,Klf4,16600,chr4,55547222,55548097,-1884,NA,NA,NA
ATF4_Only,Serpina3c,16625,chr12,105391206,105392291,0,NA,NA,NA
ATF4_Only,Lmo4,16911,chr3,143867979,143868280,-43,NA,NA,NA
ATF4_Only,Ltbp3,16998,chr19,5740084,5741006,0,NA,NA,NA
ATF4_Only,Maz,17188,chr7,134173527,134174398,-2994,NA,NA,NA
ATF4_Only,Anapc1,17222,chr2,128512982,128513535,0,NA,NA,NA
ATF4_Only,Slc3a2,17254,chr19,8786873,8788045,317,NA,NA,NA
ATF4_Only,Mras,17532,chr9,99335285,99335852,1279,NA,NA,NA
ATF4_Only,Mtap4,17758,chr9,109835235,109835780,868,NA,NA,NA
ATF4_Only,Mthfr,17769,chr4,147413085,147413499,0,NA,NA,NA
ATF4_Only,Myom1,17929,chr17,71473093,71474201,2850,NA,NA,NA
ATF4_Only,Ncl,17975,chr1,88255661,88256073,0,NA,NA,NA
ATF4_Only,Ndrg1,17988,chr15,66800985,66801509,0,NA,NA,NA
ATF4_Only,Nf1,18015,chr11,79349874,79350215,-79,NA,NA,NA
ATF4_Only,Nfkb1,18033,chr3,135270038,135270429,981,NA,NA,NA
ATF4_Only,Nos2,18126,chr11,78733750,78734530,0,NA,NA,NA
ATF4_Only,Osmr,18414,chr15,6823715,6824496,0,NA,NA,NA
ATF4_Only,Pde1a,18573,chr2,79878141,79878678,94,NA,NA,NA
ATF4_Only,Per3,18628,chr4,150417169,150418110,621,NA,NA,NA
ATF4_Only,Abcb1a,18671,chr5,8722187,8722991,2369,NA,NA,NA
ATF4_Only,Pld1,18805,chr3,27840337,27840862,2721,NA,NA,NA
ATF4_Only,Ptpn12,19248,chr5,20562044,20563005,-429,NA,NA,NA
ATF4_Only,Ptprs,19280,chr17,56617415,56618214,-1623,NA,NA,NA
ATF4_Only,Rad21,19357,chr15,51823339,51823791,-231,NA,NA,NA
ATF4_Only,Rai1,19377,chr11,59919860,59920629,1346,NA,NA,NA
ATF4_Only,Ran,19384,chr5,129525171,129525913,-117,NA,NA,NA
ATF4_Only,Rbm4,19653,chr19,4793640,4794770,0,NA,NA,NA
ATF4_Only,Rps6ka2,20112,chr17,7374692,7375797,229,NA,NA,NA
ATF4_Only,Ruvbl2,20174,chr7,52689297,52690363,0,NA,NA,NA
ATF4_Only,Ccl2,20296,chr11,81851671,81852688,2593,NA,NA,NA
ATF4_Only,Ccl7,20306,chr11,81855294,81856231,-2984,NA,NA,NA
ATF4_Only,Serpinf1,20317,chr11,75235907,75236706,0,NA,NA,NA
ATF4_Only,Slc1a5,20514,chr7,17369461,17370512,2767,NA,NA,NA
ATF4_Only,Slit1,20562,chr19,41816121,41816620,1726,NA,NA,NA
ATF4_Only,Serpinb9,20723,chr13,33097138,33098249,729,NA,NA,NA
ATF4_Only,Srpk1,20815,chr17,28761874,28762685,-2475,NA,NA,NA
ATF4_Only,Eif1,20918,chr11,100181579,100182288,270,NA,NA,NA
ATF4_Only,Surf6,20935,chr2,26758136,26759399,0,NA,NA,NA
ATF4_Only,Synj2,20975,chr17,5975130,5976073,0,NA,NA,NA
ATF4_Only,Tnfaip2,21928,chr12,112682160,112682738,-401,NA,NA,NA
ATF4_Only,Uba3,22200,chr6,97154303,97155172,169,NA,NA,NA
ATF4_Only,Ubp1,22221,chr9,113839444,113840108,0,NA,NA,NA
ATF4_Only,Wbp4,22380,chr14,79882131,79882994,-1056,NA,NA,NA
ATF4_Only,Wisp1,22402,chr15,66725055,66726230,2101,NA,NA,NA
ATF4_Only,Zbtb7b,22724,chr3,89194693,89196014,0,NA,NA,NA
ATF4_Only,Hax1,23897,chr3,89801589,89802761,0,NA,NA,NA
ATF4_Only,Vnn3,26464,chr10,23567970,23568443,-2834,NA,NA,NA
ATF4_Only,Asns,27053,chr6,7642496,7643539,0,NA,NA,NA
ATF4_Only,Cars,27267,chr7,150785266,150786154,0,NA,NA,NA
ATF4_Only,Cabp1,29867,chr5,115637202,115637867,-1072,NA,NA,NA
ATF4_Only,Clic4,29876,chr4,134827354,134828075,600,NA,NA,NA
ATF4_Only,Tor3a,30935,chr1,158604332,158605297,0,NA,NA,NA
ATF4_Only,H2afz,51788,chr3,137528513,137528963,951,NA,NA,NA
ATF4_Only,Usp2,53376,chr9,43895905,43896388,2903,NA,NA,NA
ATF4_Only,Htatip2,53415,chr7,57017785,57018636,2905,NA,NA,NA
ATF4_Only,Tslp,53603,chr18,32977949,32978760,2913,NA,NA,NA
ATF4_Only,Calcrl,54598,chr2,84265025,84266026,0,NA,NA,NA
ATF4_Only,Slc1a4,55963,chr11,20231030,20233527,0,NA,NA,NA
ATF4_Only,Snx12,55988,chrX,98418205,98418587,-376,NA,NA,NA
ATF4_Only,Lgals8,56048,chr13,12552573,12553082,604,NA,NA,NA
ATF4_Only,Atl2,56298,chr17,80297503,80298057,-2040,NA,NA,NA
ATF4_Only,Nupr1,56312,chr7,133768892,133769589,0,NA,NA,NA
ATF4_Only,Spen,56381,chr4,141094651,141095408,-139,NA,NA,NA
ATF4_Only,Fgf21,56636,chr7,52871381,52872442,-521,NA,NA,NA
ATF4_Only,Dnajb12,56709,chr10,59340056,59340545,-1793,NA,NA,NA
ATF4_Only,Angptl4,57875,chr17,33921355,33922402,-2904,NA,NA,NA
ATF4_Only,Mmp19,58223,chr10,128227621,128228306,0,NA,NA,NA
ATF4_Only,Slc35b4,58246,chr6,34127685,34128396,-631,NA,NA,NA
ATF4_Only,Mettl9,59052,chr7,128178907,128179387,949,NA,NA,NA
ATF4_Only,Bhlhe22,59058,chr3,17951481,17952369,-2032,NA,NA,NA
ATF4_Only,Bcmo1,63857,chr8,119621193,119622272,1429,NA,NA,NA
ATF4_Only,Herpud1,64209,chr8,96909144,96911036,0,NA,NA,NA
ATF4_Only,Gpr85,64450,chr6,13787544,13788199,255,NA,NA,NA
ATF4_Only,Mrpl54,66047,chr10,80729309,80729842,0,NA,NA,NA
ATF4_Only,1110018J18Rik,66129,chr13,64413121,64413756,262,NA,NA,NA
ATF4_Only,Klf15,66277,chr6,90416032,90416484,0,NA,NA,NA
ATF4_Only,Atp6v1g1,66290,chr4,63208722,63209443,2852,NA,NA,NA
ATF4_Only,Pla2g12a,66350,chr3,129581894,129582725,344,NA,NA,NA
ATF4_Only,Dhrs7,66375,chr12,73765643,73766451,0,NA,NA,NA
ATF4_Only,Crls1,66586,chr2,132672821,132673646,0,NA,NA,NA
ATF4_Only,Tmigd1,66601,chr11,76713145,76714106,-1554,NA,NA,NA
ATF4_Only,Ormdl3,66612,chr11,98448413,98449055,0,NA,NA,NA
ATF4_Only,Sltm,66660,chr9,70391044,70391701,460,NA,NA,NA
ATF4_Only,4921524J17Rik,66714,chr8,87952848,87954025,2705,NA,NA,NA
ATF4_Only,Trim35,66854,chr14,66916481,66917674,574,NA,NA,NA
ATF4_Only,Acad8,66948,chr9,26807048,26807801,0,NA,NA,NA
ATF4_Only,Uqcrc2,67003,chr7,127775668,127777190,-1512,NA,NA,NA
ATF4_Only,Ttc23,67009,chr7,74794825,74796013,2499,NA,NA,NA
ATF4_Only,Fam119a,67099,chr1,64662000,64663082,660,NA,NA,NA
ATF4_Only,2900073G15Rik,67268,chr17,71351950,71352791,-77,NA,NA,NA
ATF4_Only,3110049J23Rik,67307,chr10,62486717,62487673,0,NA,NA,NA
ATF4_Only,Gcfc1,67367,chr16,91042931,91043278,1131,NA,NA,NA
ATF4_Only,Anp32b,67628,chr4,46463283,46463861,-127,NA,NA,NA
ATF4_Only,Samd8,67630,chr14,22569318,22569967,0,NA,NA,NA
ATF4_Only,Slc38a2,67760,chr15,96529250,96529934,195,NA,NA,NA
ATF4_Only,Jagn1,67767,chr6,113394250,113394878,1622,NA,NA,NA
ATF4_Only,Rab39b,67790,chrX,72823409,72823714,0,NA,NA,NA
ATF4_Only,Mid1ip1,68041,chrX,10296148,10296682,1529,NA,NA,NA
ATF4_Only,B230217C12Rik,68127,chr11,97702204,97702790,0,NA,NA,NA
ATF4_Only,Rnaset2b,68195,chr17,8332724,8333453,1216,NA,NA,NA
ATF4_Only,Mrpl13,68537,chr15,55388811,55389513,0,NA,NA,NA
ATF4_Only,Chac1,69065,chr2,119175918,119177382,0,NA,NA,NA
ATF4_Only,Ubr4,69116,chr4,138935922,138936634,0,NA,NA,NA
ATF4_Only,Bola1,69168,chr3,96001212,96002440,0,NA,NA,NA
ATF4_Only,Gtpbp4,69237,chr13,8995012,8995548,0,NA,NA,NA
ATF4_Only,Ipmk,69718,chr10,70809805,70810465,-75,NA,NA,NA
ATF4_Only,Ttc9c,70387,chr19,8893348,8893952,0,NA,NA,NA
ATF4_Only,Tbce,70430,chr13,14131512,14132265,0,NA,NA,NA
ATF4_Only,Slc25a33,70556,chr4,149151162,149151932,-2786,NA,NA,NA
ATF4_Only,Nipbl,71175,chr15,8396130,8397041,-1667,NA,NA,NA
ATF4_Only,Arid5b,71371,chr10,67742262,67743512,-788,NA,NA,NA
ATF4_Only,Wdr27,71682,chr17,15043388,15044013,2511,NA,NA,NA
ATF4_Only,Cul2,71745,chr18,3385873,3386778,2635,NA,NA,NA
ATF4_Only,Slc16a14,71781,chr1,84932032,84932674,-374,NA,NA,NA
ATF4_Only,Phf10,72057,chr17,15097008,15097354,883,NA,NA,NA
ATF4_Only,Fbxl2,72179,chr9,113938580,113939311,-2711,NA,NA,NA
ATF4_Only,Usp36,72344,chr11,118150924,118151967,0,NA,NA,NA
ATF4_Only,Spats2,72572,chr15,98953154,98953667,-2823,NA,NA,NA
ATF4_Only,Arpc5l,74192,chr2,38866433,38867517,2775,NA,NA,NA
ATF4_Only,Pck2,74551,chr14,56158426,56159298,0,NA,NA,NA
ATF4_Only,Scpep1,74617,chr11,88815903,88816947,0,NA,NA,NA
ATF4_Only,Ddit4,74747,chr10,59415116,59416277,-598,NA,NA,NA
ATF4_Only,Rprd2,75137,chr3,95580801,95582158,-81,NA,NA,NA
ATF4_Only,Mff,75734,chr1,82721256,82721554,0,NA,NA,NA
ATF4_Only,Fbxo31,76454,chr8,124104128,124105061,-1437,NA,NA,NA
ATF4_Only,Casc5,76464,chr2,118872267,118873193,0,NA,NA,NA
ATF4_Only,Ip6k2,76500,chr9,108688521,108689894,2395,NA,NA,NA
ATF4_Only,Klhdc10,76788,chr6,30350693,30351855,-53,NA,NA,NA
ATF4_Only,Rhbdd1,76867,chr1,82313339,82314140,168,NA,NA,NA
ATF4_Only,Ankrd11,77087,chr8,125564380,125565283,614,NA,NA,NA
ATF4_Only,Prss36,77613,chr7,135092953,135093483,-2714,NA,NA,NA
ATF4_Only,Pgpep1l,78444,chr7,75411370,75412221,-2251,NA,NA,NA
ATF4_Only,Zfp623,78834,chr15,75770724,75771651,0,NA,NA,NA
ATF4_Only,Crispld2,78892,chr8,122527996,122529196,1371,NA,NA,NA
ATF4_Only,Sh3bp5l,79566,chr11,58143703,58144845,0,NA,NA,NA
ATF4_Only,Jdp2,81703,chr12,86940117,86940442,0,NA,NA,NA
ATF4_Only,Pde4dip,83679,chr3,97571569,97572414,0,NA,NA,NA
ATF4_Only,Acox2,93732,chr14,9091297,9091812,0,NA,NA,NA
ATF4_Only,Echs1,93747,chr7,147302302,147302929,0,NA,NA,NA
ATF4_Only,Dtnbp1,94245,chr13,45100056,45100885,-2591,NA,NA,NA
ATF4_Only,Wwtr1,97064,chr3,57378910,57380203,0,NA,NA,NA
ATF4_Only,Ifi44,99899,chr3,151412068,151413074,0,NA,NA,NA
ATF4_Only,Cd276,102657,chr9,58403095,58403898,-156,NA,NA,NA
ATF4_Only,Traf3ip2,103213,chr10,39334354,39334793,1615,NA,NA,NA
ATF4_Only,Rhoq,104215,chr17,87363896,87364712,1446,NA,NA,NA
ATF4_Only,Dhx57,106794,chr17,80654276,80654867,-2772,NA,NA,NA
ATF4_Only,Psat1,107272,chr19,15999078,16000486,0,NA,NA,NA
ATF4_Only,Acaca,107476,chr11,84011012,84012297,2073,NA,NA,NA
ATF4_Only,Cth,107869,chr3,157585818,157587089,938,NA,NA,NA
ATF4_Only,Shmt2,108037,chr10,126958024,126959653,0,NA,NA,NA
ATF4_Only,Mat2b,108645,chr11,40506847,40507404,-732,NA,NA,NA
ATF4_Only,Fam175b,109359,chr7,140050442,140051086,0,NA,NA,NA
ATF4_Only,Ank2,109676,chr3,127111765,127112457,0,NA,NA,NA
ATF4_Only,Tars,110960,chr15,11329095,11329890,0,NA,NA,NA
ATF4_Only,Spred1,114715,chr2,116945709,116946432,-753,NA,NA,NA
ATF4_Only,Stard5,170460,chr7,90780822,90781642,296,NA,NA,NA
ATF4_Only,Phf21a,192285,chr2,92156474,92157475,-2910,NA,NA,NA
ATF4_Only,Tet3,194388,chr6,83390382,83390936,736,NA,NA,NA
ATF4_Only,Daam1,208846,chr12,72987917,72988660,-2056,NA,NA,NA
ATF4_Only,Pycr1,209027,chr11,120504422,120505909,0,NA,NA,NA
ATF4_Only,Leprel1,210530,chr16,26104328,26105493,377,NA,NA,NA
ATF4_Only,Cln5,211286,chr14,103468815,103469515,0,NA,NA,NA
ATF4_Only,Ifitm6,213002,chr7,148202561,148203192,0,NA,NA,NA
ATF4_Only,Hhipl1,214305,chr12,109547438,109549295,2959,NA,NA,NA
ATF4_Only,Kdm5a,214899,chr6,120313615,120314201,0,NA,NA,NA
ATF4_Only,Sema6d,214968,chr2,124476320,124477042,-2274,NA,NA,NA
ATF4_Only,Fam26f,215900,chr10,33848289,33848819,-511,NA,NA,NA
ATF4_Only,Zfp365,216049,chr10,67361579,67362355,1730,NA,NA,NA
ATF4_Only,Plekhh3,217198,chr11,101032161,101032994,0,NA,NA,NA
ATF4_Only,Tnrc6c,217351,chr11,117516728,117517675,450,NA,NA,NA
ATF4_Only,Khnyn,219094,chr14,56504126,56505499,321,NA,NA,NA
ATF4_Only,Adm2,223780,chr15,89153294,89154053,0,NA,NA,NA
ATF4_Only,2310008H04Rik,224008,chr16,16073219,16073777,0,NA,NA,NA
ATF4_Only,Lsg1,224092,chr16,30587491,30588411,0,NA,NA,NA
ATF4_Only,Crybg3,224273,chr16,59528221,59528689,-2781,NA,NA,NA
ATF4_Only,Bnip1,224630,chr17,26916334,26917275,-760,NA,NA,NA
ATF4_Only,Uhrf1bp1,224648,chr17,27993797,27994657,346,NA,NA,NA
ATF4_Only,Fbxo11,225055,chr17,88465464,88466463,-839,NA,NA,NA
ATF4_Only,Etf1,225363,chr18,35091249,35092622,0,NA,NA,NA
ATF4_Only,Taf5,226182,chr19,47141737,47142284,0,NA,NA,NA
ATF4_Only,Ppp2r5a,226849,chr1,193220602,193221959,0,NA,NA,NA
ATF4_Only,Gm129,229599,chr3,95685675,95686279,0,NA,NA,NA
ATF4_Only,Sesn2,230784,chr4,132065650,132066932,0,NA,NA,NA
ATF4_Only,Pdap1,231887,chr5,145900797,145901661,0,NA,NA,NA
ATF4_Only,B9d2,232987,chr7,26465105,26466123,0,NA,NA,NA
ATF4_Only,Atxn2l,233871,chr7,133645063,133645803,29,NA,NA,NA
ATF4_Only,BC019943,234138,chr8,32260230,32260976,0,NA,NA,NA
ATF4_Only,Inpp4b,234515,chr8,83868805,83869617,2351,NA,NA,NA
ATF4_Only,Vac14,234729,chr8,113239937,113240799,2881,NA,NA,NA
ATF4_Only,Phgdh,236539,chr3,98142581,98144100,0,NA,NA,NA
ATF4_Only,Usp11,236733,chrX,20281402,20281924,345,NA,NA,NA
ATF4_Only,B230315N10Rik,237411,chr10,81703887,81704536,0,NA,NA,NA
ATF4_Only,C130039O16Rik,238317,chr12,85534608,85535482,0,NA,NA,NA
ATF4_Only,Tnpo1,238799,chr13,99694481,99695708,631,NA,NA,NA
ATF4_Only,Tmem74,239408,chr15,43699343,43699989,1586,NA,NA,NA
ATF4_Only,Kcnt2,240776,chr1,142142491,142143310,0,NA,NA,NA
ATF4_Only,Manea,242362,chr4,26274422,26274782,-623,NA,NA,NA
ATF4_Only,BC055111,242602,chr4,106286860,106287214,2629,NA,NA,NA
ATF4_Only,Cct8l1,242891,chr5,25018830,25019542,-2342,NA,NA,NA
ATF4_Only,Prss35,244954,chr9,86638811,86639355,2362,NA,NA,NA
ATF4_Only,Vps54,245944,chr11,21137473,21138365,-918,NA,NA,NA
ATF4_Only,Slc25a28,246696,chr19,43741760,43742357,-1296,NA,NA,NA
ATF4_Only,Alkbh5,268420,chr11,60353608,60354705,2129,NA,NA,NA
ATF4_Only,Zfp608,269023,chr18,55061166,55062247,-2863,NA,NA,NA
ATF4_Only,Mthfd1l,270685,chr10,6372372,6373127,296,NA,NA,NA
ATF4_Only,Flad1,319945,chr3,89215670,89216466,0,NA,NA,NA
ATF4_Only,Fndc7,320181,chr3,108660802,108661832,0,NA,NA,NA
ATF4_Only,Tmem154,320782,chr3,84469852,84470470,0,NA,NA,NA
ATF4_Only,5930403L14Rik,320939,chr4,154010051,154010557,0,NA,NA,NA
ATF4_Only,4933421E11Rik,321000,chr3,106524280,106524607,0,NA,NA,NA
ATF4_Only,Cxcl3,330122,chr5,91212782,91213135,-1993,NA,NA,NA
ATF4_Only,Fam188b,330323,chr6,55153374,55153967,0,NA,NA,NA
ATF4_Only,Trim66,330627,chr7,116636934,116637436,0,NA,NA,NA
ATF4_Only,Slc9a9,331004,chr9,94568935,94569545,-782,NA,NA,NA
ATF4_Only,Tlcd2,380712,chr11,75284096,75284567,2516,NA,NA,NA
ATF4_Only,Zyg11b,414872,chr4,107973275,107973793,0,NA,NA,NA
ATF4_Only,Dnaic2,432611,chr11,114585985,114587293,-1432,NA,NA,NA
ATF4_Only,Zfp708,432769,chr13,67209143,67209856,0,NA,NA,NA
ATF4_Only,BB014433,434285,chr8,15042843,15043327,2742,NA,NA,NA
ATF4_Only,Gm5627,434510,chr9,102638154,102640299,-1678,NA,NA,NA
ATF4_Only,Gm5820,545253,chr18,39049732,39050220,-1891,NA,NA,NA
ATF4_Only,Gsk3a,606496,chr7,26022778,26023725,0,NA,NA,NA
ATF4_Only,Nrbf2,641340,chr10,66750325,66751253,-2296,NA,NA,NA
ATF4_Only,9130023H24Rik,100043133,chr7,135382416,135383445,-871,NA,NA,NA
